{
  "street_encoded": {
    "الأنوار": 93915.05791505791,
    "الدرويش": 100993.78881987577,
    "الفندق": 105681.18466898956,
    "النورس": 101758.24175824177,
    "وردشان": 85102.04081632652
  },
  "global_mean_price": 99285.71428571429,
  "condition_map": {
    "weak": 0,
    "medium": 1,
    "good": 2,
    "excellent": 3
  },
  "feature_order": [
    "الطابق",
    "عدد الغرف",
    "عدد الحمامات",
    "المساحة (م2)",
    "الوجهة",
    "الإكساء",
    "عدد الشقق في كل طابق",
    "اتجاه_شمالي",
    "اتجاه_غربي",
    "الشارع_encoded"
  ],
  "mae": 5811.957600911458,
  "r2": 0.9209045430024465,
  "model_version": "1.0"
}